{"zoom": 11, "center": [48.1371079, 11.5753822]}